seed,accuracy
0,0.9575402635431918
1,0.9673011224987799
2,0.95900439238653
3,0.9658369936554417
4,0.9687652513421181
