{
  "logistic_regression": {
    "accuracy": 0.956140350877193,
    "precision": 0.9569049312470365,
    "recall": 0.956140350877193,
    "f1": 0.9558014271241044,
    "roc_auc": 0.9983622666229939,
    "confusion_matrix": [
      [
        39,
        4
      ],
      [
        1,
        70
      ]
    ],
    "train_time": 0.0622410774230957
  },
  "random_forest": {
    "accuracy": 0.9649122807017544,
    "precision": 0.9652053622194477,
    "recall": 0.9649122807017544,
    "f1": 0.9647382344750765,
    "roc_auc": 0.9949230265312807,
    "confusion_matrix": [
      [
        40,
        3
      ],
      [
        1,
        70
      ]
    ],
    "train_time": 0.12227487564086914
  },
  "svm": {
    "accuracy": 0.9473684210526315,
    "precision": 0.9514695830485304,
    "recall": 0.9473684210526315,
    "f1": 0.9464615931721194,
    "roc_auc": 0.9934490664919751,
    "confusion_matrix": [
      [
        37,
        6
      ],
      [
        0,
        71
      ]
    ],
    "train_time": 0.009326934814453125
  }
}