{
  "MNIST": [
    {
      "seed": 42,
      "best_fitness": -1.3163582357577361,
      "best_description": "MLP[37] act=selu bn=False do=0.58 opt=sgd lr=1.3e-03 wd=7.6e-05 bs=256",
      "best_genome": [
        1.0,
        37.0,
        0.0,
        0.0,
        0.0,
        0.0,
        0.0,
        3.0,
        0.5805199768496407,
        0.0,
        1.0,
        0.001292346937795107,
        7.554804756926679e-05,
        3.0
      ],
      "cache_stats": {
        "hits": 21,
        "misses": 19,
        "hit_rate": 0.525
      }
    }
  ]
}