{
  "logistic_regression": {
    "accuracy": 1.0,
    "precision": 1.0,
    "recall": 1.0,
    "f1": 1.0,
    "confusion_matrix": [
      [
        10,
        0,
        0
      ],
      [
        0,
        9,
        0
      ],
      [
        0,
        0,
        11
      ]
    ],
    "train_time": 0.007378816604614258
  },
  "random_forest": {
    "accuracy": 1.0,
    "precision": 1.0,
    "recall": 1.0,
    "f1": 1.0,
    "confusion_matrix": [
      [
        10,
        0,
        0
      ],
      [
        0,
        9,
        0
      ],
      [
        0,
        0,
        11
      ]
    ],
    "train_time": 0.0728452205657959
  },
  "svm": {
    "accuracy": 1.0,
    "precision": 1.0,
    "recall": 1.0,
    "f1": 1.0,
    "confusion_matrix": [
      [
        10,
        0,
        0
      ],
      [
        0,
        9,
        0
      ],
      [
        0,
        0,
        11
      ]
    ],
    "train_time": 0.0014882087707519531
  }
}