{
  "iris": {
    "GA": {
      "f1_scores": [
        0.9798486114275586,
        0.9666165413533834
      ],
      "times": [
        9.243972086000213,
        12.736511691000032
      ],
      "stats": {
        "mean": 0.973232576390471,
        "std": 0.00935648647858491,
        "median": 0.973232576390471,
        "iqr": 0.006616035037087631,
        "min": 0.9666165413533834,
        "max": 0.9798486114275586
      }
    },
    "NSGA-II": {
      "f1_scores": [
        0.9798486114275586,
        0.9732664995822891
      ],
      "times": [
        26.37636256399992,
        23.58057404500005
      ],
      "stats": {
        "mean": 0.9765575555049238,
        "std": 0.004654255920318418,
        "median": 0.9765575555049238,
        "iqr": 0.003291055922634678,
        "min": 0.9732664995822891,
        "max": 0.9798486114275586
      }
    },
    "RandomSearch": {
      "f1_scores": [
        0.9798486114275586,
        0.9666165413533834
      ],
      "times": [
        13.99956401899999,
        12.115777769000033
      ],
      "stats": {
        "mean": 0.973232576390471,
        "std": 0.00935648647858491,
        "median": 0.973232576390471,
        "iqr": 0.006616035037087631,
        "min": 0.9666165413533834,
        "max": 0.9798486114275586
      }
    },
    "GridSearch": {
      "f1_scores": [
        0.9732999164578112,
        0.9732664995822891
      ],
      "times": [
        12.248627337000016,
        12.338843246999659
      ],
      "stats": {
        "mean": 0.9732832080200502,
        "std": 2.362929928778828e-05,
        "median": 0.9732832080200502,
        "iqr": 1.670843776102604e-05,
        "min": 0.9732664995822891,
        "max": 0.9732999164578112
      }
    },
    "Manual": {
      "f1_scores": [
        0.9597984861142755,
        0.9598997493734336
      ],
      "times": [
        2.7419755469995835,
        2.5194040050000694
      ],
      "stats": {
        "mean": 0.9598491177438546,
        "std": 7.160393723570541e-05,
        "median": 0.9598491177438546,
        "iqr": 5.063162957907874e-05,
        "min": 0.9597984861142755,
        "max": 0.9598997493734336
      }
    },
    "statistical_tests": {
      "GA_vs_RandomSearch": {
        "statistic": 0.0,
        "p_value": 1.0,
        "effect_size": 0.0,
        "significant": false,
        "interpretation": "Distributions are identical."
      },
      "GA_vs_GridSearch": {
        "statistic": 1.0,
        "p_value": 1.0,
        "effect_size": 0.0,
        "significant": false,
        "interpretation": "negligible"
      },
      "GA_vs_Manual": {
        "statistic": 0.0,
        "p_value": 0.5,
        "effect_size": 0.4769362762044698,
        "significant": false,
        "interpretation": "medium"
      }
    }
  },
  "_meta": {
    "total_time_seconds": 128.70662424600005,
    "n_runs": 2,
    "dry_run": true
  }
}